title,instructor,level,song,videoUrl,thumbnailSlug
Nisi veritatis doloremque quidem et eos.,Adolph Moen,beginner,Quasi molestias.,https://www.learningcontainer.com/wp-content/uploads/2020/05/sample-mp4-file.mp4,class-thumbnail-1.jpg
Labore dolor voluptas consequatur.,Mr. Lilyan O'Conner,beginner,Unde voluptates nihil quis.,https://www.learningcontainer.com/wp-content/uploads/2020/05/sample-mp4-file.mp4,class-thumbnail-2.jpg
Optio nisi maiores et.,Napoleon D'Amore III,beginner,Voluptas fugit rem.,https://www.learningcontainer.com/wp-content/uploads/2020/05/sample-mp4-file.mp4,class-thumbnail-1.jpg
Esse similique nulla est.,Tiana Lakin,beginner,Et dolores omnis ea.,https://www.learningcontainer.com/wp-content/uploads/2020/05/sample-mp4-file.mp4,class-thumbnail-3.jpg
Rem unde sed.,Lawson Balistreri,intermediate,Consequatur rerum.,https://www.learningcontainer.com/wp-content/uploads/2020/05/sample-mp4-file.mp4,class-thumbnail-2.jpg
Autem rerum voluptatem sint aperiam quaerat.,Max D'Amore,intermediate,Est facere nulla.,https://www.learningcontainer.com/wp-content/uploads/2020/05/sample-mp4-file.mp4,class-thumbnail-2.jpg
Harum provident inventore nulla.,Graham Shields,intermediate,Iste optio.,https://www.learningcontainer.com/wp-content/uploads/2020/05/sample-mp4-file.mp4,class-thumbnail-2.jpg
Quo odit sit quaerat sit.,Deja Altenwerth,beginner,Cum et ipsa.,https://www.learningcontainer.com/wp-content/uploads/2020/05/sample-mp4-file.mp4,class-thumbnail-2.jpg
Aut labore ea.,Charity Runolfsson,beginner,Molestias ratione.,https://www.learningcontainer.com/wp-content/uploads/2020/05/sample-mp4-file.mp4,class-thumbnail-2.jpg
Voluptatem iure voluptatum enim eveniet enim eligendi dicta.,Gabriel Muller,beginner,Voluptatem asperiores qui sunt.,https://www.learningcontainer.com/wp-content/uploads/2020/05/sample-mp4-file.mp4,class-thumbnail-1.jpg
Qui sequi dicta consectetur odit voluptatem sapiente doloribus.,Bernadette Schmeler,beginner,Autem est.,https://www.learningcontainer.com/wp-content/uploads/2020/05/sample-mp4-file.mp4,class-thumbnail-3.jpg
Repellendus aut ducimus quam sunt.,Elvera Johns,beginner,Molestiae distinctio vitae.,https://www.learningcontainer.com/wp-content/uploads/2020/05/sample-mp4-file.mp4,class-thumbnail-1.jpg
Qui nostrum quam similique.,Gabriel Emard,intermediate,Totam aut quis cupiditate.,https://www.learningcontainer.com/wp-content/uploads/2020/05/sample-mp4-file.mp4,class-thumbnail-1.jpg
Necessitatibus voluptatibus est quidem doloremque.,Andy Bauch,advanced,Officiis placeat voluptas.,https://www.learningcontainer.com/wp-content/uploads/2020/05/sample-mp4-file.mp4,class-thumbnail-3.jpg
Minus error consequatur odit totam corrupti officiis in possimus.,Brook Pfeffer,beginner,Quae aperiam voluptates id.,https://www.learningcontainer.com/wp-content/uploads/2020/05/sample-mp4-file.mp4,class-thumbnail-3.jpg
Placeat repudiandae suscipit cumque dicta cum.,Esperanza Wilderman,intermediate,Tempora quidem.,https://www.learningcontainer.com/wp-content/uploads/2020/05/sample-mp4-file.mp4,class-thumbnail-1.jpg
Ut minus enim aut tenetur cumque error.,Cade Waters,beginner,Aut facilis eum.,https://www.learningcontainer.com/wp-content/uploads/2020/05/sample-mp4-file.mp4,class-thumbnail-1.jpg
Occaecati quia eius eum eaque sunt temporibus.,Shawna Crona PhD,advanced,Rerum iusto.,https://www.learningcontainer.com/wp-content/uploads/2020/05/sample-mp4-file.mp4,class-thumbnail-1.jpg
Officiis qui est voluptatem eius doloribus.,Alana Hodkiewicz,intermediate,Sunt aliquid minima aperiam.,https://www.learningcontainer.com/wp-content/uploads/2020/05/sample-mp4-file.mp4,class-thumbnail-3.jpg
Aut aut corrupti.,Seth Treutel,beginner,Ipsam nam nisi fuga.,https://www.learningcontainer.com/wp-content/uploads/2020/05/sample-mp4-file.mp4,class-thumbnail-3.jpg
Soluta inventore rerum.,Clementine Krajcik,intermediate,Accusamus est quidem ut.,https://www.learningcontainer.com/wp-content/uploads/2020/05/sample-mp4-file.mp4,class-thumbnail-2.jpg
Nihil ut dolor ut unde incidunt.,Lowell Rice,beginner,Cumque mollitia et.,https://www.learningcontainer.com/wp-content/uploads/2020/05/sample-mp4-file.mp4,class-thumbnail-2.jpg
Error sed quasi impedit et.,Jailyn Cruickshank,advanced,Sit ut natus hic.,https://www.learningcontainer.com/wp-content/uploads/2020/05/sample-mp4-file.mp4,class-thumbnail-2.jpg
Et eum pariatur.,Dereck Hansen DVM,intermediate,Qui molestias.,https://www.learningcontainer.com/wp-content/uploads/2020/05/sample-mp4-file.mp4,class-thumbnail-2.jpg
Odit voluptatem fugiat rerum.,Mrs. Celestino Mitchell,beginner,Debitis explicabo nostrum voluptatibus.,https://www.learningcontainer.com/wp-content/uploads/2020/05/sample-mp4-file.mp4,class-thumbnail-1.jpg
Et et molestias voluptatem sint et quia.,Berenice McGlynn,intermediate,In et eos saepe.,https://www.learningcontainer.com/wp-content/uploads/2020/05/sample-mp4-file.mp4,class-thumbnail-1.jpg
Est aut architecto velit at ut est enim.,Gladys Cremin,beginner,Dolores consequatur impedit.,https://www.learningcontainer.com/wp-content/uploads/2020/05/sample-mp4-file.mp4,class-thumbnail-3.jpg
Atque iure rerum non ut tenetur excepturi aliquam.,Tristin Botsford I,intermediate,Eligendi sunt consectetur corrupti.,https://www.learningcontainer.com/wp-content/uploads/2020/05/sample-mp4-file.mp4,class-thumbnail-2.jpg
Quia minus aut recusandae esse debitis provident fuga laboriosam.,Ronny Bednar,intermediate,Autem laudantium.,https://www.learningcontainer.com/wp-content/uploads/2020/05/sample-mp4-file.mp4,class-thumbnail-2.jpg
Temporibus quis vero alias.,Deanna Casper,beginner,Quod ut.,https://www.learningcontainer.com/wp-content/uploads/2020/05/sample-mp4-file.mp4,class-thumbnail-1.jpg
Quibusdam at libero optio et laudantium.,Sydney Lindgren PhD,advanced,Qui suscipit.,https://www.learningcontainer.com/wp-content/uploads/2020/05/sample-mp4-file.mp4,class-thumbnail-2.jpg
Error voluptatibus aut possimus nihil officia fuga eaque cupiditate.,Sandrine Hessel,beginner,Esse ut reprehenderit.,https://www.learningcontainer.com/wp-content/uploads/2020/05/sample-mp4-file.mp4,class-thumbnail-3.jpg
Voluptas voluptatem velit necessitatibus.,Alexandro Kiehn,advanced,Officiis quasi fuga ut.,https://www.learningcontainer.com/wp-content/uploads/2020/05/sample-mp4-file.mp4,class-thumbnail-3.jpg
Labore eveniet unde est dolor assumenda natus nisi qui.,Montana Hilll,beginner,Corporis fugiat non quis.,https://www.learningcontainer.com/wp-content/uploads/2020/05/sample-mp4-file.mp4,class-thumbnail-3.jpg
Laudantium veniam illo quibusdam voluptatem alias est corporis.,Lou Ankunding,intermediate,Soluta qui atque.,https://www.learningcontainer.com/wp-content/uploads/2020/05/sample-mp4-file.mp4,class-thumbnail-2.jpg
Velit quae et architecto.,Aida Lynch,intermediate,Reprehenderit ipsa rerum aspernatur.,https://www.learningcontainer.com/wp-content/uploads/2020/05/sample-mp4-file.mp4,class-thumbnail-2.jpg
Esse fuga voluptate eos cumque voluptate consequuntur.,Lia Brakus,beginner,Eum nihil ut est.,https://www.learningcontainer.com/wp-content/uploads/2020/05/sample-mp4-file.mp4,class-thumbnail-1.jpg
Doloremque sed rerum natus.,Calista Hoeger,advanced,Voluptatum dolorem.,https://www.learningcontainer.com/wp-content/uploads/2020/05/sample-mp4-file.mp4,class-thumbnail-1.jpg
Qui qui soluta adipisci error quo qui dignissimos quia.,Bud Schumm,intermediate,Ut id.,https://www.learningcontainer.com/wp-content/uploads/2020/05/sample-mp4-file.mp4,class-thumbnail-3.jpg
Provident nemo fuga voluptatem cumque tenetur.,Halie Purdy,beginner,Doloremque iure eum.,https://www.learningcontainer.com/wp-content/uploads/2020/05/sample-mp4-file.mp4,class-thumbnail-1.jpg
Inventore culpa dolor nam consectetur dignissimos.,Olin Lang,intermediate,Sit culpa.,https://www.learningcontainer.com/wp-content/uploads/2020/05/sample-mp4-file.mp4,class-thumbnail-1.jpg
Ab beatae numquam vitae sit voluptas.,Armando Bartell,advanced,Enim et.,https://www.learningcontainer.com/wp-content/uploads/2020/05/sample-mp4-file.mp4,class-thumbnail-3.jpg
Velit eius assumenda similique iure soluta vel.,Devyn Harvey,beginner,Mollitia quas et.,https://www.learningcontainer.com/wp-content/uploads/2020/05/sample-mp4-file.mp4,class-thumbnail-3.jpg
Sit assumenda corrupti rerum laudantium itaque rerum id.,Camilla Cassin,beginner,Itaque cumque asperiores.,https://www.learningcontainer.com/wp-content/uploads/2020/05/sample-mp4-file.mp4,class-thumbnail-3.jpg
Possimus perspiciatis amet.,Anibal Nader,beginner,Sit totam ex.,https://www.learningcontainer.com/wp-content/uploads/2020/05/sample-mp4-file.mp4,class-thumbnail-2.jpg
Vel inventore unde ipsa recusandae omnis nihil et nostrum.,Corine Herman,advanced,Eligendi in dicta.,https://www.learningcontainer.com/wp-content/uploads/2020/05/sample-mp4-file.mp4,class-thumbnail-3.jpg
Veniam deleniti molestiae labore et.,Anastasia Borer,beginner,Eius itaque harum laudantium.,https://www.learningcontainer.com/wp-content/uploads/2020/05/sample-mp4-file.mp4,class-thumbnail-3.jpg
Animi est libero et voluptatum in eaque doloremque totam.,Mr. Karley Little,advanced,Sit velit quasi similique.,https://www.learningcontainer.com/wp-content/uploads/2020/05/sample-mp4-file.mp4,class-thumbnail-2.jpg
Qui itaque consectetur excepturi recusandae corrupti dicta atque.,Robin Brown,intermediate,Deserunt ea velit.,https://www.learningcontainer.com/wp-content/uploads/2020/05/sample-mp4-file.mp4,class-thumbnail-3.jpg
Iste nobis laborum eligendi voluptate id quasi quam molestiae.,Deon Steuber V,beginner,Omnis atque cum.,https://www.learningcontainer.com/wp-content/uploads/2020/05/sample-mp4-file.mp4,class-thumbnail-3.jpg
Ex fugiat fugit ea aut odio.,Dr. Kian Gusikowski,beginner,Distinctio ut aperiam rerum.,https://www.learningcontainer.com/wp-content/uploads/2020/05/sample-mp4-file.mp4,class-thumbnail-1.jpg
A illo provident est ut voluptas facere.,Samantha Lind,beginner,Aliquam illo rerum a.,https://www.learningcontainer.com/wp-content/uploads/2020/05/sample-mp4-file.mp4,class-thumbnail-1.jpg
Iure sed eaque est quibusdam itaque.,Eden Sauer,advanced,Corrupti expedita repellat.,https://www.learningcontainer.com/wp-content/uploads/2020/05/sample-mp4-file.mp4,class-thumbnail-3.jpg
Aliquid necessitatibus autem error.,Shaina Bergnaum,beginner,Qui porro esse eligendi.,https://www.learningcontainer.com/wp-content/uploads/2020/05/sample-mp4-file.mp4,class-thumbnail-2.jpg
Deserunt quis dolores.,Arjun Feest,beginner,Iste magni.,https://www.learningcontainer.com/wp-content/uploads/2020/05/sample-mp4-file.mp4,class-thumbnail-1.jpg
Mollitia aut non sint ea.,Haley McCullough,intermediate,Accusamus non.,https://www.learningcontainer.com/wp-content/uploads/2020/05/sample-mp4-file.mp4,class-thumbnail-3.jpg
Est dolores iure facere voluptatum nobis qui.,Moshe Stracke,beginner,Aliquid voluptas exercitationem velit.,https://www.learningcontainer.com/wp-content/uploads/2020/05/sample-mp4-file.mp4,class-thumbnail-1.jpg
Iste voluptas voluptatem aspernatur impedit.,Ms. Jedidiah Brakus,advanced,Non consectetur molestiae.,https://www.learningcontainer.com/wp-content/uploads/2020/05/sample-mp4-file.mp4,class-thumbnail-3.jpg
Iste ex nisi architecto.,Lexus Boyer,intermediate,Dignissimos harum magnam at.,https://www.learningcontainer.com/wp-content/uploads/2020/05/sample-mp4-file.mp4,class-thumbnail-3.jpg
Qui enim qui aut laboriosam aspernatur a voluptatum.,Palma Bayer III,beginner,Dolorem error.,https://www.learningcontainer.com/wp-content/uploads/2020/05/sample-mp4-file.mp4,class-thumbnail-3.jpg
Eos occaecati minus reprehenderit tempore explicabo repudiandae sunt.,Jaron Yundt,beginner,Voluptatem maxime quibusdam.,https://www.learningcontainer.com/wp-content/uploads/2020/05/sample-mp4-file.mp4,class-thumbnail-2.jpg
Magni quos et et perferendis.,Mr. Lisette Heidenreich,intermediate,Ab excepturi molestiae ut.,https://www.learningcontainer.com/wp-content/uploads/2020/05/sample-mp4-file.mp4,class-thumbnail-2.jpg
Neque consequatur ipsam autem qui molestiae enim consequuntur.,Conrad Goyette,advanced,Iste ut accusantium quo.,https://www.learningcontainer.com/wp-content/uploads/2020/05/sample-mp4-file.mp4,class-thumbnail-3.jpg
Libero quasi iusto.,Lesley Jacobi,beginner,Adipisci repellat.,https://www.learningcontainer.com/wp-content/uploads/2020/05/sample-mp4-file.mp4,class-thumbnail-3.jpg
Ut quo quia earum architecto.,Israel Schulist,beginner,Consequatur vel non soluta.,https://www.learningcontainer.com/wp-content/uploads/2020/05/sample-mp4-file.mp4,class-thumbnail-2.jpg
Aut itaque est quaerat laboriosam dolorem voluptate voluptas laborum.,Ms. Nikita Deckow,advanced,Exercitationem dolorem.,https://www.learningcontainer.com/wp-content/uploads/2020/05/sample-mp4-file.mp4,class-thumbnail-3.jpg
Harum dolor omnis fugiat voluptatibus.,Jessy Lowe,intermediate,Atque ab inventore.,https://www.learningcontainer.com/wp-content/uploads/2020/05/sample-mp4-file.mp4,class-thumbnail-1.jpg
Veniam voluptatibus aliquam rerum eligendi mollitia itaque sunt.,Daisha Schaefer,beginner,In recusandae odio.,https://www.learningcontainer.com/wp-content/uploads/2020/05/sample-mp4-file.mp4,class-thumbnail-3.jpg
Esse quae eaque placeat.,Breanna Stracke,beginner,Quidem et.,https://www.learningcontainer.com/wp-content/uploads/2020/05/sample-mp4-file.mp4,class-thumbnail-3.jpg
Sed nisi dolorem ipsum adipisci qui ut voluptate.,Eduardo Toy,advanced,Sit ratione dolore debitis.,https://www.learningcontainer.com/wp-content/uploads/2020/05/sample-mp4-file.mp4,class-thumbnail-1.jpg
Provident ut dolor.,Jaylon Wyman,beginner,Eveniet placeat vero nihil.,https://www.learningcontainer.com/wp-content/uploads/2020/05/sample-mp4-file.mp4,class-thumbnail-2.jpg
Officia rerum dolorum sint quia sapiente.,Mrs. Damion Wehner,intermediate,Est tempora sunt.,https://www.learningcontainer.com/wp-content/uploads/2020/05/sample-mp4-file.mp4,class-thumbnail-2.jpg
Fuga aperiam et.,Miss Berry Hodkiewicz,intermediate,Magni repudiandae necessitatibus aut.,https://www.learningcontainer.com/wp-content/uploads/2020/05/sample-mp4-file.mp4,class-thumbnail-1.jpg
Illum occaecati et voluptatem fuga sit modi.,Lauren Schmitt,advanced,Natus ut.,https://www.learningcontainer.com/wp-content/uploads/2020/05/sample-mp4-file.mp4,class-thumbnail-3.jpg
Nisi odit laborum ab ea qui non sit.,Daron Doyle,advanced,Similique autem non.,https://www.learningcontainer.com/wp-content/uploads/2020/05/sample-mp4-file.mp4,class-thumbnail-3.jpg
Ipsam et et cupiditate dolore rerum voluptate ut.,Elyssa Ortiz,advanced,Eius nemo sint possimus.,https://www.learningcontainer.com/wp-content/uploads/2020/05/sample-mp4-file.mp4,class-thumbnail-1.jpg
Esse dolores est ratione.,Frankie Runolfsdottir,intermediate,Tempore in.,https://www.learningcontainer.com/wp-content/uploads/2020/05/sample-mp4-file.mp4,class-thumbnail-3.jpg
Nam natus officia.,Stanford Labadie,intermediate,Corporis et id.,https://www.learningcontainer.com/wp-content/uploads/2020/05/sample-mp4-file.mp4,class-thumbnail-1.jpg
Libero enim mollitia veritatis.,Haleigh Gorczany,beginner,Praesentium deleniti eligendi illo.,https://www.learningcontainer.com/wp-content/uploads/2020/05/sample-mp4-file.mp4,class-thumbnail-1.jpg
Explicabo nesciunt est libero optio rerum voluptas eos dolores.,Jimmie Pouros,advanced,Similique adipisci.,https://www.learningcontainer.com/wp-content/uploads/2020/05/sample-mp4-file.mp4,class-thumbnail-3.jpg
Molestiae quae id ut reiciendis quas unde iste.,Brown Schmidt PhD,intermediate,Blanditiis pariatur debitis.,https://www.learningcontainer.com/wp-content/uploads/2020/05/sample-mp4-file.mp4,class-thumbnail-3.jpg
Omnis iure veritatis laborum ex qui earum asperiores.,Ibrahim Gerlach,intermediate,Et aut assumenda.,https://www.learningcontainer.com/wp-content/uploads/2020/05/sample-mp4-file.mp4,class-thumbnail-2.jpg
Cupiditate et assumenda.,Keeley Kirlin PhD,advanced,Doloribus sequi eaque.,https://www.learningcontainer.com/wp-content/uploads/2020/05/sample-mp4-file.mp4,class-thumbnail-2.jpg
Corrupti accusantium soluta esse maiores unde.,Belle Reichel,beginner,Doloremque perspiciatis.,https://www.learningcontainer.com/wp-content/uploads/2020/05/sample-mp4-file.mp4,class-thumbnail-3.jpg
Id mollitia dolores ea vitae.,Gilda Towne,beginner,Ea voluptas.,https://www.learningcontainer.com/wp-content/uploads/2020/05/sample-mp4-file.mp4,class-thumbnail-3.jpg
Modi molestiae ea cupiditate sit dolorum et porro provident.,Krystel Fahey,beginner,Molestias sint quisquam.,https://www.learningcontainer.com/wp-content/uploads/2020/05/sample-mp4-file.mp4,class-thumbnail-1.jpg
Doloremque nihil nihil est modi.,Joesph Hintz,advanced,Et assumenda et.,https://www.learningcontainer.com/wp-content/uploads/2020/05/sample-mp4-file.mp4,class-thumbnail-3.jpg
Placeat similique fuga voluptas pariatur maiores veritatis aut ea.,Dr. Carley Lehner,intermediate,Quas qui.,https://www.learningcontainer.com/wp-content/uploads/2020/05/sample-mp4-file.mp4,class-thumbnail-2.jpg
Aut iste enim enim voluptatem eveniet excepturi.,Tatyana Murazik IV,intermediate,Natus cupiditate omnis nam.,https://www.learningcontainer.com/wp-content/uploads/2020/05/sample-mp4-file.mp4,class-thumbnail-2.jpg
Et quisquam delectus fuga.,Ana Cassin,beginner,Nihil iure placeat molestiae.,https://www.learningcontainer.com/wp-content/uploads/2020/05/sample-mp4-file.mp4,class-thumbnail-3.jpg
A tempora cumque ipsa incidunt non.,Gabriella Littel,advanced,Quo unde corporis repellat.,https://www.learningcontainer.com/wp-content/uploads/2020/05/sample-mp4-file.mp4,class-thumbnail-2.jpg
Voluptatem iure et in est quae iure et.,Amira Reinger,beginner,Et vel adipisci.,https://www.learningcontainer.com/wp-content/uploads/2020/05/sample-mp4-file.mp4,class-thumbnail-2.jpg
Totam maxime blanditiis.,Ms. Morton Nienow,intermediate,Velit dicta.,https://www.learningcontainer.com/wp-content/uploads/2020/05/sample-mp4-file.mp4,class-thumbnail-1.jpg
Nihil eos sit iusto.,Lorena Hegmann,beginner,Dolorem iusto reprehenderit.,https://www.learningcontainer.com/wp-content/uploads/2020/05/sample-mp4-file.mp4,class-thumbnail-3.jpg
Nesciunt quia eligendi.,Ruth Gislason,beginner,Sint hic incidunt.,https://www.learningcontainer.com/wp-content/uploads/2020/05/sample-mp4-file.mp4,class-thumbnail-3.jpg
Numquam molestias distinctio cupiditate sint laboriosam corrupti officiis qui.,Aiden Jacobi,advanced,Sunt id quo.,https://www.learningcontainer.com/wp-content/uploads/2020/05/sample-mp4-file.mp4,class-thumbnail-1.jpg
Non cupiditate ipsa quaerat et.,Loma Lubowitz,advanced,Iure totam.,https://www.learningcontainer.com/wp-content/uploads/2020/05/sample-mp4-file.mp4,class-thumbnail-1.jpg
Voluptatem incidunt sunt recusandae in ut ut quis.,Earnest Sipes,beginner,Reiciendis ut.,https://www.learningcontainer.com/wp-content/uploads/2020/05/sample-mp4-file.mp4,class-thumbnail-2.jpg
Nulla laudantium eligendi magnam.,Suzanne Ratke,advanced,Ipsa sint.,https://www.learningcontainer.com/wp-content/uploads/2020/05/sample-mp4-file.mp4,class-thumbnail-2.jpg
Voluptas architecto nam magnam enim quasi ut.,Loma Dickinson,intermediate,Nihil vero aperiam.,https://www.learningcontainer.com/wp-content/uploads/2020/05/sample-mp4-file.mp4,class-thumbnail-1.jpg
Aut qui laudantium quas nemo repellendus.,Oma MacGyver,beginner,Commodi sapiente dolore libero.,https://www.learningcontainer.com/wp-content/uploads/2020/05/sample-mp4-file.mp4,class-thumbnail-2.jpg
Quidem sapiente animi ullam dolores cum assumenda.,Robert Wyman,beginner,Alias possimus.,https://www.learningcontainer.com/wp-content/uploads/2020/05/sample-mp4-file.mp4,class-thumbnail-2.jpg
Explicabo enim sint ad nam laborum.,Tanner Jenkins,beginner,A et quo.,https://www.learningcontainer.com/wp-content/uploads/2020/05/sample-mp4-file.mp4,class-thumbnail-2.jpg
Commodi qui tenetur beatae nostrum sed qui ut earum.,Krystal Torp PhD,advanced,Maxime consequatur laudantium.,https://www.learningcontainer.com/wp-content/uploads/2020/05/sample-mp4-file.mp4,class-thumbnail-2.jpg
Et quae sint earum consequatur.,Leif Hudson,intermediate,Accusamus labore.,https://www.learningcontainer.com/wp-content/uploads/2020/05/sample-mp4-file.mp4,class-thumbnail-3.jpg
Consequatur nihil nemo.,Fabiola Kulas,beginner,Repudiandae hic enim.,https://www.learningcontainer.com/wp-content/uploads/2020/05/sample-mp4-file.mp4,class-thumbnail-1.jpg
Ducimus expedita quidem ea consequatur ea.,Muriel Harber,advanced,Harum ut est.,https://www.learningcontainer.com/wp-content/uploads/2020/05/sample-mp4-file.mp4,class-thumbnail-2.jpg
Eos in ratione tempora.,Sigrid Bergstrom,beginner,Officiis repellat et sed.,https://www.learningcontainer.com/wp-content/uploads/2020/05/sample-mp4-file.mp4,class-thumbnail-3.jpg
Hic recusandae dolore deserunt eos alias hic.,Princess Donnelly,intermediate,Aut consequuntur suscipit quia.,https://www.learningcontainer.com/wp-content/uploads/2020/05/sample-mp4-file.mp4,class-thumbnail-1.jpg
Quis nemo autem quae dicta quae consequuntur quia labore.,Johann Tillman,intermediate,Qui et vitae id.,https://www.learningcontainer.com/wp-content/uploads/2020/05/sample-mp4-file.mp4,class-thumbnail-3.jpg
Nesciunt expedita sed veniam occaecati ad asperiores voluptatem harum.,Jeffry Bins II,beginner,Eum culpa nobis dignissimos.,https://www.learningcontainer.com/wp-content/uploads/2020/05/sample-mp4-file.mp4,class-thumbnail-2.jpg
Ut tempora adipisci.,Marley Mosciski,beginner,Et at sit voluptas.,https://www.learningcontainer.com/wp-content/uploads/2020/05/sample-mp4-file.mp4,class-thumbnail-2.jpg
Mollitia debitis autem tempora est et repellendus.,Antwan Jacobi,advanced,Ex ut.,https://www.learningcontainer.com/wp-content/uploads/2020/05/sample-mp4-file.mp4,class-thumbnail-2.jpg
Ab quod rem molestiae enim aut.,Mrs. Kevon Hamill,advanced,Ad quia veritatis.,https://www.learningcontainer.com/wp-content/uploads/2020/05/sample-mp4-file.mp4,class-thumbnail-3.jpg
Aut accusamus est aliquam.,Shanelle Goyette,intermediate,Eum eos sunt consectetur.,https://www.learningcontainer.com/wp-content/uploads/2020/05/sample-mp4-file.mp4,class-thumbnail-2.jpg
Quia quia nihil sapiente.,Benjamin Mitchell,intermediate,Et voluptas porro.,https://www.learningcontainer.com/wp-content/uploads/2020/05/sample-mp4-file.mp4,class-thumbnail-3.jpg
Et non illum rerum libero alias ad impedit non.,Christelle Crona,intermediate,Aut soluta dolorum saepe.,https://www.learningcontainer.com/wp-content/uploads/2020/05/sample-mp4-file.mp4,class-thumbnail-3.jpg
Eveniet similique voluptatem sed sit est.,Amparo Conn,advanced,Similique omnis corrupti.,https://www.learningcontainer.com/wp-content/uploads/2020/05/sample-mp4-file.mp4,class-thumbnail-2.jpg
Ut et provident harum qui est et.,Cheyenne Douglas,advanced,Earum maiores.,https://www.learningcontainer.com/wp-content/uploads/2020/05/sample-mp4-file.mp4,class-thumbnail-1.jpg
Pariatur soluta odio quasi.,Jesse Krajcik Jr.,intermediate,Omnis dolores.,https://www.learningcontainer.com/wp-content/uploads/2020/05/sample-mp4-file.mp4,class-thumbnail-3.jpg
Debitis neque magnam aut ea.,Rosetta Crooks,intermediate,Rerum repellendus voluptatum.,https://www.learningcontainer.com/wp-content/uploads/2020/05/sample-mp4-file.mp4,class-thumbnail-1.jpg
Ducimus et sit sequi et a assumenda.,Cleta Streich,intermediate,Repellat nobis.,https://www.learningcontainer.com/wp-content/uploads/2020/05/sample-mp4-file.mp4,class-thumbnail-1.jpg
Qui voluptatem fuga nam omnis voluptas eum.,Bruce Gibson,advanced,Illo voluptatibus.,https://www.learningcontainer.com/wp-content/uploads/2020/05/sample-mp4-file.mp4,class-thumbnail-2.jpg
Ipsum quia velit quos.,Miss Piper Hills,beginner,Eum mollitia qui autem.,https://www.learningcontainer.com/wp-content/uploads/2020/05/sample-mp4-file.mp4,class-thumbnail-2.jpg
Commodi unde et velit asperiores excepturi eum assumenda.,Annie Waelchi,advanced,At aut velit illum.,https://www.learningcontainer.com/wp-content/uploads/2020/05/sample-mp4-file.mp4,class-thumbnail-2.jpg
Hic dolor fuga.,Rhett Kuhlman,intermediate,Quas enim aut iste.,https://www.learningcontainer.com/wp-content/uploads/2020/05/sample-mp4-file.mp4,class-thumbnail-2.jpg
Est assumenda ad et et cupiditate.,Lizeth Runolfsson Jr.,beginner,Non doloremque repellat.,https://www.learningcontainer.com/wp-content/uploads/2020/05/sample-mp4-file.mp4,class-thumbnail-3.jpg
Aut error nulla vero.,Malachi Cruickshank,beginner,Similique eaque laborum harum.,https://www.learningcontainer.com/wp-content/uploads/2020/05/sample-mp4-file.mp4,class-thumbnail-3.jpg
Eos aut rem nisi praesentium.,Everette Gutmann,advanced,Suscipit est sed praesentium.,https://www.learningcontainer.com/wp-content/uploads/2020/05/sample-mp4-file.mp4,class-thumbnail-3.jpg
Ullam aut tempore vero sapiente quas sequi accusamus aut.,Dr. Tito Wolf,beginner,Provident aliquam.,https://www.learningcontainer.com/wp-content/uploads/2020/05/sample-mp4-file.mp4,class-thumbnail-1.jpg
Blanditiis ut sequi dolorem dolorem quas vitae cum et.,Cathryn Jast MD,beginner,Magnam repudiandae ad.,https://www.learningcontainer.com/wp-content/uploads/2020/05/sample-mp4-file.mp4,class-thumbnail-1.jpg
Quibusdam deserunt quisquam consectetur a cum eos provident voluptatem.,Clifton Beer,beginner,Voluptas aliquid.,https://www.learningcontainer.com/wp-content/uploads/2020/05/sample-mp4-file.mp4,class-thumbnail-1.jpg
Fuga est placeat magnam dolor consequatur aut perferendis.,Ryan Quitzon,intermediate,Placeat voluptatem.,https://www.learningcontainer.com/wp-content/uploads/2020/05/sample-mp4-file.mp4,class-thumbnail-3.jpg
Non nihil distinctio rerum consequuntur quia eum nemo.,Reyna Wisozk,intermediate,Est earum.,https://www.learningcontainer.com/wp-content/uploads/2020/05/sample-mp4-file.mp4,class-thumbnail-3.jpg
Alias vero aut rem mollitia dolorem.,Meggie Wilderman,beginner,Et pariatur voluptates aut.,https://www.learningcontainer.com/wp-content/uploads/2020/05/sample-mp4-file.mp4,class-thumbnail-2.jpg
Et quia ratione doloremque.,Darius Powlowski,advanced,Et et in inventore.,https://www.learningcontainer.com/wp-content/uploads/2020/05/sample-mp4-file.mp4,class-thumbnail-1.jpg
Aut fuga enim veritatis.,Reggie Beahan,advanced,Doloribus aspernatur.,https://www.learningcontainer.com/wp-content/uploads/2020/05/sample-mp4-file.mp4,class-thumbnail-2.jpg
Consequatur sit accusamus.,Jerrell Balistreri,advanced,Eaque mollitia maxime.,https://www.learningcontainer.com/wp-content/uploads/2020/05/sample-mp4-file.mp4,class-thumbnail-1.jpg
Consectetur animi officiis deleniti sit fugiat voluptatem nulla.,Joana Balistreri MD,intermediate,Illum sit.,https://www.learningcontainer.com/wp-content/uploads/2020/05/sample-mp4-file.mp4,class-thumbnail-2.jpg
Provident perspiciatis harum cumque eum velit.,Mrs. Kiarra Halvorson,advanced,Est cumque.,https://www.learningcontainer.com/wp-content/uploads/2020/05/sample-mp4-file.mp4,class-thumbnail-2.jpg
Delectus numquam odit ut omnis suscipit.,Lorine Russel,beginner,Autem quam adipisci.,https://www.learningcontainer.com/wp-content/uploads/2020/05/sample-mp4-file.mp4,class-thumbnail-2.jpg
Quae cupiditate laboriosam est dicta repellendus molestiae temporibus architecto.,Dina Hilpert,advanced,Nobis qui quis.,https://www.learningcontainer.com/wp-content/uploads/2020/05/sample-mp4-file.mp4,class-thumbnail-1.jpg
Qui quisquam numquam.,Micaela Walker,advanced,Possimus alias illum ea.,https://www.learningcontainer.com/wp-content/uploads/2020/05/sample-mp4-file.mp4,class-thumbnail-3.jpg
Commodi autem distinctio rerum quisquam iure.,Darwin Cremin,intermediate,Deserunt ratione.,https://www.learningcontainer.com/wp-content/uploads/2020/05/sample-mp4-file.mp4,class-thumbnail-2.jpg
Corporis vel ut doloremque deleniti non.,Adriana Mann,advanced,Rerum eligendi.,https://www.learningcontainer.com/wp-content/uploads/2020/05/sample-mp4-file.mp4,class-thumbnail-3.jpg
Aperiam sit possimus architecto perferendis amet minima est et.,Everette Keebler,intermediate,Vel aliquid.,https://www.learningcontainer.com/wp-content/uploads/2020/05/sample-mp4-file.mp4,class-thumbnail-3.jpg
Necessitatibus consequatur amet mollitia ullam.,Serena Flatley,beginner,Voluptatem dolor.,https://www.learningcontainer.com/wp-content/uploads/2020/05/sample-mp4-file.mp4,class-thumbnail-3.jpg
Nobis occaecati sed vero.,Cathrine Lowe,advanced,Laudantium expedita similique.,https://www.learningcontainer.com/wp-content/uploads/2020/05/sample-mp4-file.mp4,class-thumbnail-3.jpg
Quas numquam sed ratione dolores et.,Gerda Schumm,advanced,Commodi quia similique rerum.,https://www.learningcontainer.com/wp-content/uploads/2020/05/sample-mp4-file.mp4,class-thumbnail-3.jpg
Aliquam tenetur autem nihil eveniet perspiciatis aliquid ipsum.,Dessie Rippin,intermediate,Officiis molestiae quia.,https://www.learningcontainer.com/wp-content/uploads/2020/05/sample-mp4-file.mp4,class-thumbnail-3.jpg
Qui ex voluptas harum id velit.,Cameron Corkery PhD,intermediate,Qui vitae dolorem.,https://www.learningcontainer.com/wp-content/uploads/2020/05/sample-mp4-file.mp4,class-thumbnail-3.jpg
Nostrum fugiat eos magnam repellendus quis maxime.,Claud Fadel,intermediate,Sit harum doloribus ea.,https://www.learningcontainer.com/wp-content/uploads/2020/05/sample-mp4-file.mp4,class-thumbnail-1.jpg
Natus dolor voluptas facilis.,Heaven Labadie,beginner,Nisi delectus.,https://www.learningcontainer.com/wp-content/uploads/2020/05/sample-mp4-file.mp4,class-thumbnail-3.jpg
Quis voluptatibus quam ut quo tenetur velit blanditiis.,Reba Sanford DVM,intermediate,Eligendi nihil cupiditate.,https://www.learningcontainer.com/wp-content/uploads/2020/05/sample-mp4-file.mp4,class-thumbnail-1.jpg
Non saepe earum sed non cumque aut facere rerum.,Arvel Hammes,intermediate,Quos esse non.,https://www.learningcontainer.com/wp-content/uploads/2020/05/sample-mp4-file.mp4,class-thumbnail-2.jpg
Praesentium perspiciatis earum nisi.,Lexi Witting,beginner,Fuga eos saepe nihil.,https://www.learningcontainer.com/wp-content/uploads/2020/05/sample-mp4-file.mp4,class-thumbnail-3.jpg
Maxime ex sunt iste.,Dulce Mann,advanced,Ut cupiditate incidunt.,https://www.learningcontainer.com/wp-content/uploads/2020/05/sample-mp4-file.mp4,class-thumbnail-1.jpg
Et aut sit sequi.,Mrs. Nathaniel Dicki,advanced,Sequi sint aut corrupti.,https://www.learningcontainer.com/wp-content/uploads/2020/05/sample-mp4-file.mp4,class-thumbnail-3.jpg
Dolor est ut labore.,Jamar Cartwright,advanced,Ullam nam.,https://www.learningcontainer.com/wp-content/uploads/2020/05/sample-mp4-file.mp4,class-thumbnail-2.jpg
Suscipit temporibus autem ullam quis necessitatibus autem qui minima.,Lamont Mills,beginner,Voluptas quo.,https://www.learningcontainer.com/wp-content/uploads/2020/05/sample-mp4-file.mp4,class-thumbnail-3.jpg
Quam itaque consequatur unde quos ea a mollitia molestiae.,Rod Harvey,beginner,Provident reprehenderit nihil laborum.,https://www.learningcontainer.com/wp-content/uploads/2020/05/sample-mp4-file.mp4,class-thumbnail-3.jpg
Quis voluptatem rerum eos.,Tyson Buckridge,intermediate,Repellendus delectus sit.,https://www.learningcontainer.com/wp-content/uploads/2020/05/sample-mp4-file.mp4,class-thumbnail-2.jpg
Tempore porro ad aliquam.,Felton Fadel,advanced,Facere facilis.,https://www.learningcontainer.com/wp-content/uploads/2020/05/sample-mp4-file.mp4,class-thumbnail-3.jpg
Neque non neque blanditiis iure.,Mac Wilderman,beginner,Tempora enim.,https://www.learningcontainer.com/wp-content/uploads/2020/05/sample-mp4-file.mp4,class-thumbnail-1.jpg
Perspiciatis voluptas mollitia.,Miss Jon Hayes,beginner,Nulla fuga est expedita.,https://www.learningcontainer.com/wp-content/uploads/2020/05/sample-mp4-file.mp4,class-thumbnail-3.jpg
Quo numquam voluptatem earum accusantium similique voluptas libero.,Mary Schmitt,beginner,Temporibus eos qui quas.,https://www.learningcontainer.com/wp-content/uploads/2020/05/sample-mp4-file.mp4,class-thumbnail-2.jpg
Nostrum eligendi molestiae est accusantium voluptatem aliquam.,Nadia Cole,advanced,Ab adipisci.,https://www.learningcontainer.com/wp-content/uploads/2020/05/sample-mp4-file.mp4,class-thumbnail-3.jpg
Molestiae inventore quaerat magnam qui.,Monte Boyle,beginner,Voluptatem dolores labore.,https://www.learningcontainer.com/wp-content/uploads/2020/05/sample-mp4-file.mp4,class-thumbnail-1.jpg
Odio deleniti ipsum dolorum soluta dicta sit.,Mabelle Hand I,advanced,Tempore aut vel pariatur.,https://www.learningcontainer.com/wp-content/uploads/2020/05/sample-mp4-file.mp4,class-thumbnail-1.jpg
In voluptas dolorum numquam earum vitae.,Estrella Jerde,advanced,Nisi et et.,https://www.learningcontainer.com/wp-content/uploads/2020/05/sample-mp4-file.mp4,class-thumbnail-2.jpg
Voluptatum sunt et quasi corporis quasi.,Myrtle Bechtelar,intermediate,Et animi corrupti.,https://www.learningcontainer.com/wp-content/uploads/2020/05/sample-mp4-file.mp4,class-thumbnail-1.jpg
Id quasi velit dignissimos ut provident nam.,Brady Graham,beginner,Quia officiis earum.,https://www.learningcontainer.com/wp-content/uploads/2020/05/sample-mp4-file.mp4,class-thumbnail-1.jpg
Voluptatem consequatur quos voluptas consequatur.,Hiram Kirlin,advanced,Ex nihil.,https://www.learningcontainer.com/wp-content/uploads/2020/05/sample-mp4-file.mp4,class-thumbnail-1.jpg
Libero voluptate dolore perferendis sit velit facere provident.,Jerel Windler,advanced,Quas sint nesciunt exercitationem.,https://www.learningcontainer.com/wp-content/uploads/2020/05/sample-mp4-file.mp4,class-thumbnail-1.jpg
Alias et voluptates et doloremque voluptatem.,Clifford Hodkiewicz,intermediate,Voluptatibus fugit consectetur.,https://www.learningcontainer.com/wp-content/uploads/2020/05/sample-mp4-file.mp4,class-thumbnail-2.jpg
Illum quia velit architecto assumenda.,Micah Witting,advanced,Cum rem sed.,https://www.learningcontainer.com/wp-content/uploads/2020/05/sample-mp4-file.mp4,class-thumbnail-3.jpg
Perferendis praesentium voluptatem sunt.,Elissa Kreiger,beginner,Quod dolor.,https://www.learningcontainer.com/wp-content/uploads/2020/05/sample-mp4-file.mp4,class-thumbnail-1.jpg
Qui incidunt ut est est blanditiis quo omnis.,Brady Terry,beginner,Ut voluptatem eligendi inventore.,https://www.learningcontainer.com/wp-content/uploads/2020/05/sample-mp4-file.mp4,class-thumbnail-1.jpg
Sint suscipit quia iste dolore nobis.,Carolyne Wuckert,beginner,Ratione similique.,https://www.learningcontainer.com/wp-content/uploads/2020/05/sample-mp4-file.mp4,class-thumbnail-1.jpg
Corrupti corrupti ea.,Felipa Wisoky,intermediate,Pariatur ipsum ad.,https://www.learningcontainer.com/wp-content/uploads/2020/05/sample-mp4-file.mp4,class-thumbnail-2.jpg
Assumenda officia numquam dolores velit dicta.,Jacey Rath,beginner,Illo repellendus aut.,https://www.learningcontainer.com/wp-content/uploads/2020/05/sample-mp4-file.mp4,class-thumbnail-3.jpg
Non consequatur consequatur.,Ross Franecki,advanced,Id odit.,https://www.learningcontainer.com/wp-content/uploads/2020/05/sample-mp4-file.mp4,class-thumbnail-3.jpg
Doloribus laboriosam aut sint et.,Araceli Harber,intermediate,Corporis ut.,https://www.learningcontainer.com/wp-content/uploads/2020/05/sample-mp4-file.mp4,class-thumbnail-3.jpg
Consequatur sed quam labore.,Coby Littel,advanced,Omnis omnis id ducimus.,https://www.learningcontainer.com/wp-content/uploads/2020/05/sample-mp4-file.mp4,class-thumbnail-1.jpg
Pariatur mollitia aliquam dolores illum voluptatem quo non.,Amie Jakubowski,intermediate,Pariatur eveniet eos.,https://www.learningcontainer.com/wp-content/uploads/2020/05/sample-mp4-file.mp4,class-thumbnail-2.jpg
Doloremque et in.,Vilma Trantow,intermediate,Ex qui incidunt iure.,https://www.learningcontainer.com/wp-content/uploads/2020/05/sample-mp4-file.mp4,class-thumbnail-1.jpg
Eum atque aut pariatur.,Talia Leuschke,beginner,Pariatur tempore repudiandae velit.,https://www.learningcontainer.com/wp-content/uploads/2020/05/sample-mp4-file.mp4,class-thumbnail-1.jpg
Quasi nostrum quia nulla voluptas.,Dr. Annamarie Pfannerstill,beginner,Nostrum aut aperiam sint.,https://www.learningcontainer.com/wp-content/uploads/2020/05/sample-mp4-file.mp4,class-thumbnail-2.jpg
Voluptatem voluptatum facere.,Orville Hessel,advanced,Accusantium necessitatibus.,https://www.learningcontainer.com/wp-content/uploads/2020/05/sample-mp4-file.mp4,class-thumbnail-3.jpg
Exercitationem quisquam eligendi explicabo culpa deleniti.,Fabiola Armstrong,advanced,Numquam minima.,https://www.learningcontainer.com/wp-content/uploads/2020/05/sample-mp4-file.mp4,class-thumbnail-3.jpg
Facilis fuga inventore animi.,Norwood Wisozk,intermediate,Id maxime perferendis.,https://www.learningcontainer.com/wp-content/uploads/2020/05/sample-mp4-file.mp4,class-thumbnail-2.jpg
Consequatur laudantium expedita.,Miss Stephen Schuster,intermediate,Rerum voluptate.,https://www.learningcontainer.com/wp-content/uploads/2020/05/sample-mp4-file.mp4,class-thumbnail-2.jpg
Quasi quibusdam quod hic voluptate aut.,Alysha Bergnaum IV,beginner,Rem eum officia.,https://www.learningcontainer.com/wp-content/uploads/2020/05/sample-mp4-file.mp4,class-thumbnail-1.jpg
At libero consectetur.,Emanuel Hahn IV,beginner,Aut ea id quibusdam.,https://www.learningcontainer.com/wp-content/uploads/2020/05/sample-mp4-file.mp4,class-thumbnail-1.jpg
Nostrum quibusdam hic qui odit vel inventore.,Marcelino Quigley,intermediate,Ducimus dicta maxime.,https://www.learningcontainer.com/wp-content/uploads/2020/05/sample-mp4-file.mp4,class-thumbnail-2.jpg
Est et excepturi sunt alias consequatur enim omnis.,Grace Jacobs,advanced,Sed illum perspiciatis non.,https://www.learningcontainer.com/wp-content/uploads/2020/05/sample-mp4-file.mp4,class-thumbnail-1.jpg
Rerum perspiciatis est ab ea totam voluptatem.,Norval Graham,advanced,Maxime sequi nihil.,https://www.learningcontainer.com/wp-content/uploads/2020/05/sample-mp4-file.mp4,class-thumbnail-1.jpg
Et est laborum.,Kaelyn Huels,advanced,Sint optio.,https://www.learningcontainer.com/wp-content/uploads/2020/05/sample-mp4-file.mp4,class-thumbnail-3.jpg
Labore sequi in maiores porro natus est et enim.,Angeline Crooks PhD,intermediate,Placeat consequatur.,https://www.learningcontainer.com/wp-content/uploads/2020/05/sample-mp4-file.mp4,class-thumbnail-3.jpg
Accusantium iusto aut ipsam commodi id ratione.,Shaylee Rowe,advanced,Corporis minima.,https://www.learningcontainer.com/wp-content/uploads/2020/05/sample-mp4-file.mp4,class-thumbnail-2.jpg
Libero officia saepe doloribus dolore.,Laurie Koch,intermediate,Repellat et quia.,https://www.learningcontainer.com/wp-content/uploads/2020/05/sample-mp4-file.mp4,class-thumbnail-1.jpg
Perspiciatis consequatur et a dolorem qui dolorum accusantium.,Terrell Lynch,advanced,Doloribus sit optio suscipit.,https://www.learningcontainer.com/wp-content/uploads/2020/05/sample-mp4-file.mp4,class-thumbnail-1.jpg
Et harum officiis repellat consequuntur laborum fugiat molestiae.,Mr. Bethel Grant,advanced,Sed itaque facilis possimus.,https://www.learningcontainer.com/wp-content/uploads/2020/05/sample-mp4-file.mp4,class-thumbnail-2.jpg
Nihil perspiciatis aut fugiat laudantium voluptas culpa.,Ryann Tremblay,intermediate,Accusantium ut dolorem similique.,https://www.learningcontainer.com/wp-content/uploads/2020/05/sample-mp4-file.mp4,class-thumbnail-3.jpg
Libero reprehenderit et quia iure quae tenetur ut.,Orin Cormier,intermediate,Laboriosam alias et.,https://www.learningcontainer.com/wp-content/uploads/2020/05/sample-mp4-file.mp4,class-thumbnail-2.jpg
Qui maiores veniam molestiae.,Georgianna Mraz,intermediate,Ea aut.,https://www.learningcontainer.com/wp-content/uploads/2020/05/sample-mp4-file.mp4,class-thumbnail-2.jpg
Vel est quae delectus inventore numquam quos eos.,Adonis Flatley,intermediate,At error.,https://www.learningcontainer.com/wp-content/uploads/2020/05/sample-mp4-file.mp4,class-thumbnail-1.jpg
Quo expedita ut iure qui.,Karlee Bednar,beginner,Ut qui.,https://www.learningcontainer.com/wp-content/uploads/2020/05/sample-mp4-file.mp4,class-thumbnail-3.jpg
Officiis vel ea voluptas.,Lynn Fritsch,intermediate,Nostrum fugiat iste.,https://www.learningcontainer.com/wp-content/uploads/2020/05/sample-mp4-file.mp4,class-thumbnail-1.jpg
Culpa exercitationem dolor vitae in corrupti nihil quo rerum.,Alan Crona,beginner,Deserunt magnam fuga sint.,https://www.learningcontainer.com/wp-content/uploads/2020/05/sample-mp4-file.mp4,class-thumbnail-1.jpg
Porro et et eius.,Mrs. Duncan Orn,intermediate,Accusantium itaque libero ipsam.,https://www.learningcontainer.com/wp-content/uploads/2020/05/sample-mp4-file.mp4,class-thumbnail-2.jpg
Architecto possimus voluptates unde eligendi.,Annie Trantow,advanced,Beatae nulla modi veritatis.,https://www.learningcontainer.com/wp-content/uploads/2020/05/sample-mp4-file.mp4,class-thumbnail-1.jpg
Repudiandae accusantium necessitatibus excepturi voluptatem quia et delectus sit.,Lillie Johns,intermediate,Nihil facilis.,https://www.learningcontainer.com/wp-content/uploads/2020/05/sample-mp4-file.mp4,class-thumbnail-1.jpg
Quas dolorum est excepturi est voluptas.,Joyce Goodwin,intermediate,Voluptatem omnis sit consequatur.,https://www.learningcontainer.com/wp-content/uploads/2020/05/sample-mp4-file.mp4,class-thumbnail-1.jpg
Eligendi necessitatibus dicta natus fugiat explicabo voluptatem.,Miss Enos Hammes,beginner,Magnam est quaerat.,https://www.learningcontainer.com/wp-content/uploads/2020/05/sample-mp4-file.mp4,class-thumbnail-3.jpg
Ea dolorum voluptatibus id saepe omnis eos.,Adelia Mayer,advanced,Corrupti quae.,https://www.learningcontainer.com/wp-content/uploads/2020/05/sample-mp4-file.mp4,class-thumbnail-1.jpg
Est et harum eos alias.,Erin Tromp,advanced,Illo dolorem facilis nemo.,https://www.learningcontainer.com/wp-content/uploads/2020/05/sample-mp4-file.mp4,class-thumbnail-1.jpg
Dolores voluptates iure doloribus.,Aletha Volkman,advanced,Adipisci voluptatum in.,https://www.learningcontainer.com/wp-content/uploads/2020/05/sample-mp4-file.mp4,class-thumbnail-2.jpg
Enim vero itaque velit.,Pearline Hand,beginner,Sed sunt.,https://www.learningcontainer.com/wp-content/uploads/2020/05/sample-mp4-file.mp4,class-thumbnail-2.jpg
Odio quia eaque expedita odit nesciunt unde est.,Eino O'Hara,intermediate,In aut.,https://www.learningcontainer.com/wp-content/uploads/2020/05/sample-mp4-file.mp4,class-thumbnail-3.jpg
Facere earum in inventore consequatur et.,Mavis Blick,beginner,Qui placeat quasi omnis.,https://www.learningcontainer.com/wp-content/uploads/2020/05/sample-mp4-file.mp4,class-thumbnail-1.jpg
Porro commodi ut aut facere velit perspiciatis qui quo.,Connie Weber,advanced,Placeat aut voluptatibus dolorem.,https://www.learningcontainer.com/wp-content/uploads/2020/05/sample-mp4-file.mp4,class-thumbnail-3.jpg
Eaque praesentium qui.,Theodora Champlin,beginner,Nostrum quos.,https://www.learningcontainer.com/wp-content/uploads/2020/05/sample-mp4-file.mp4,class-thumbnail-2.jpg
Rerum neque minus.,Brett Durgan V,intermediate,Consequatur expedita minima.,https://www.learningcontainer.com/wp-content/uploads/2020/05/sample-mp4-file.mp4,class-thumbnail-2.jpg
Qui maiores reiciendis dolorem vel sapiente optio minus consectetur.,Anibal Adams DDS,intermediate,Totam eos.,https://www.learningcontainer.com/wp-content/uploads/2020/05/sample-mp4-file.mp4,class-thumbnail-2.jpg
Laudantium iste velit illum illum accusantium beatae natus ad.,Ethan Konopelski,advanced,Sunt incidunt ut.,https://www.learningcontainer.com/wp-content/uploads/2020/05/sample-mp4-file.mp4,class-thumbnail-1.jpg
Et facere reprehenderit dicta delectus qui ea sapiente.,Kyla Kuhlman,advanced,Aliquam aliquam sunt.,https://www.learningcontainer.com/wp-content/uploads/2020/05/sample-mp4-file.mp4,class-thumbnail-1.jpg
Quam suscipit magnam necessitatibus ducimus rerum.,Liza Aufderhar,intermediate,Eaque minima.,https://www.learningcontainer.com/wp-content/uploads/2020/05/sample-mp4-file.mp4,class-thumbnail-1.jpg
Eaque alias magnam ut quibusdam reprehenderit.,Connie Kutch,beginner,Est cupiditate in.,https://www.learningcontainer.com/wp-content/uploads/2020/05/sample-mp4-file.mp4,class-thumbnail-1.jpg
Aspernatur aut sed recusandae excepturi dolor rerum.,Ruthe Oberbrunner,beginner,Voluptatem ad.,https://www.learningcontainer.com/wp-content/uploads/2020/05/sample-mp4-file.mp4,class-thumbnail-1.jpg
Hic aut voluptas.,Dr. Rowland Gerlach,intermediate,In quis.,https://www.learningcontainer.com/wp-content/uploads/2020/05/sample-mp4-file.mp4,class-thumbnail-3.jpg
Aut eveniet facere possimus.,Dr. Diamond Quitzon,beginner,Dolores qui deleniti.,https://www.learningcontainer.com/wp-content/uploads/2020/05/sample-mp4-file.mp4,class-thumbnail-1.jpg
Quia repellat voluptatem quo quia optio vel mollitia repudiandae.,Edwina Carter,advanced,Ut soluta.,https://www.learningcontainer.com/wp-content/uploads/2020/05/sample-mp4-file.mp4,class-thumbnail-2.jpg
Minima rerum laudantium veritatis sit aut accusamus quo.,Stephan Kuhn V,intermediate,Qui omnis.,https://www.learningcontainer.com/wp-content/uploads/2020/05/sample-mp4-file.mp4,class-thumbnail-2.jpg
Occaecati quidem maxime.,Trisha Davis V,intermediate,Accusamus consequatur.,https://www.learningcontainer.com/wp-content/uploads/2020/05/sample-mp4-file.mp4,class-thumbnail-2.jpg
A numquam dignissimos et deserunt provident.,Leone Sipes,advanced,Voluptas quis voluptatibus.,https://www.learningcontainer.com/wp-content/uploads/2020/05/sample-mp4-file.mp4,class-thumbnail-2.jpg
Quasi aliquam dicta dolorem deleniti aliquid.,Mrs. Selmer Jast,intermediate,Minima assumenda.,https://www.learningcontainer.com/wp-content/uploads/2020/05/sample-mp4-file.mp4,class-thumbnail-2.jpg
Minus at quis a excepturi sint natus.,Gisselle Rohan,advanced,Eum eos quibusdam.,https://www.learningcontainer.com/wp-content/uploads/2020/05/sample-mp4-file.mp4,class-thumbnail-3.jpg
Itaque neque odio cum dolores.,Juliana Blanda,intermediate,Reprehenderit ipsam.,https://www.learningcontainer.com/wp-content/uploads/2020/05/sample-mp4-file.mp4,class-thumbnail-2.jpg
Similique laudantium qui voluptatem rerum in qui animi.,Dr. Joelle Gaylord,advanced,Excepturi debitis.,https://www.learningcontainer.com/wp-content/uploads/2020/05/sample-mp4-file.mp4,class-thumbnail-3.jpg
Esse quis excepturi et mollitia ad accusamus illo animi.,Ole Dooley,intermediate,Voluptatem hic maiores.,https://www.learningcontainer.com/wp-content/uploads/2020/05/sample-mp4-file.mp4,class-thumbnail-2.jpg
Atque magni aut labore nisi et.,Grover Ondricka,advanced,Unde id dicta.,https://www.learningcontainer.com/wp-content/uploads/2020/05/sample-mp4-file.mp4,class-thumbnail-3.jpg
Velit et facere quia similique voluptatem.,Wellington Greenholt,advanced,Dolor in sed maiores.,https://www.learningcontainer.com/wp-content/uploads/2020/05/sample-mp4-file.mp4,class-thumbnail-1.jpg
Et odit ut architecto quis qui in.,Valentin Von,beginner,Consequatur quis.,https://www.learningcontainer.com/wp-content/uploads/2020/05/sample-mp4-file.mp4,class-thumbnail-3.jpg
Voluptatem consequatur natus qui soluta perferendis.,Lula Leffler,intermediate,Maiores porro error.,https://www.learningcontainer.com/wp-content/uploads/2020/05/sample-mp4-file.mp4,class-thumbnail-2.jpg
Dolor vitae praesentium magnam et velit.,Unique Parisian,intermediate,Esse quaerat.,https://www.learningcontainer.com/wp-content/uploads/2020/05/sample-mp4-file.mp4,class-thumbnail-3.jpg
Dolores officiis voluptatem nihil repellendus autem quo.,Lincoln Fay,intermediate,Temporibus facilis saepe et.,https://www.learningcontainer.com/wp-content/uploads/2020/05/sample-mp4-file.mp4,class-thumbnail-1.jpg
Error reiciendis aut consectetur.,Melany Doyle,intermediate,Quia alias.,https://www.learningcontainer.com/wp-content/uploads/2020/05/sample-mp4-file.mp4,class-thumbnail-1.jpg
Reiciendis et molestias qui omnis perspiciatis.,Alexandrea Hahn,intermediate,Dolorem dolore repellat officiis.,https://www.learningcontainer.com/wp-content/uploads/2020/05/sample-mp4-file.mp4,class-thumbnail-2.jpg
Sequi tenetur voluptatem voluptate dignissimos dolores omnis.,Elisabeth Gusikowski,intermediate,Dolore atque ut voluptatem.,https://www.learningcontainer.com/wp-content/uploads/2020/05/sample-mp4-file.mp4,class-thumbnail-1.jpg
Et voluptatem neque.,Jarred Lockman,beginner,Nisi natus.,https://www.learningcontainer.com/wp-content/uploads/2020/05/sample-mp4-file.mp4,class-thumbnail-3.jpg
Nesciunt adipisci distinctio.,Christian Schneider,intermediate,Omnis quam ut doloribus.,https://www.learningcontainer.com/wp-content/uploads/2020/05/sample-mp4-file.mp4,class-thumbnail-3.jpg
Vel voluptas dicta.,Mr. Berniece Borer,advanced,Corrupti expedita quia.,https://www.learningcontainer.com/wp-content/uploads/2020/05/sample-mp4-file.mp4,class-thumbnail-1.jpg
Earum et consequatur reprehenderit et.,Ms. Madison Rice,beginner,Consequatur aut et accusantium.,https://www.learningcontainer.com/wp-content/uploads/2020/05/sample-mp4-file.mp4,class-thumbnail-2.jpg
Temporibus aut qui sint maxime dolore minus qui veniam.,Maribel Lynch,intermediate,Id fuga amet.,https://www.learningcontainer.com/wp-content/uploads/2020/05/sample-mp4-file.mp4,class-thumbnail-2.jpg
Dicta quis sapiente possimus.,Lula Donnelly,advanced,Et sit aut.,https://www.learningcontainer.com/wp-content/uploads/2020/05/sample-mp4-file.mp4,class-thumbnail-1.jpg
Et dolor facere consequatur voluptate debitis ipsam doloremque provident.,Jude Upton,advanced,Id alias repellat perspiciatis.,https://www.learningcontainer.com/wp-content/uploads/2020/05/sample-mp4-file.mp4,class-thumbnail-2.jpg
Quidem quia et quasi aperiam veritatis in architecto.,Nikko Schmitt,beginner,Voluptatem facere.,https://www.learningcontainer.com/wp-content/uploads/2020/05/sample-mp4-file.mp4,class-thumbnail-1.jpg
Velit consequatur iste voluptas maiores omnis ut repudiandae.,Llewellyn Cummings,beginner,Illum odio.,https://www.learningcontainer.com/wp-content/uploads/2020/05/sample-mp4-file.mp4,class-thumbnail-2.jpg
Quia natus dolorem omnis optio.,Albertha Larson,intermediate,Aut aut.,https://www.learningcontainer.com/wp-content/uploads/2020/05/sample-mp4-file.mp4,class-thumbnail-1.jpg
Perspiciatis est aut et dignissimos id.,Lenny Hettinger,beginner,Quis rerum suscipit laudantium.,https://www.learningcontainer.com/wp-content/uploads/2020/05/sample-mp4-file.mp4,class-thumbnail-1.jpg
Esse consequatur itaque ut nisi.,Jarvis Hauck,advanced,Quisquam repellendus et ipsa.,https://www.learningcontainer.com/wp-content/uploads/2020/05/sample-mp4-file.mp4,class-thumbnail-2.jpg
Tempore ut omnis in impedit fuga tempora a quis.,Isaiah Ortiz,beginner,Fuga ut.,https://www.learningcontainer.com/wp-content/uploads/2020/05/sample-mp4-file.mp4,class-thumbnail-2.jpg
Et vel impedit sunt adipisci.,Dorris Mann I,beginner,Dolorem necessitatibus.,https://www.learningcontainer.com/wp-content/uploads/2020/05/sample-mp4-file.mp4,class-thumbnail-3.jpg
Et aliquam nesciunt modi rerum.,Hayden Smith II,advanced,Magni aut voluptatum non.,https://www.learningcontainer.com/wp-content/uploads/2020/05/sample-mp4-file.mp4,class-thumbnail-3.jpg
Dolor ut rerum recusandae eos repellendus velit rem tempora.,Ayla Mitchell,advanced,Alias qui non.,https://www.learningcontainer.com/wp-content/uploads/2020/05/sample-mp4-file.mp4,class-thumbnail-2.jpg
Officiis reiciendis id.,Kirstin Larson,beginner,Aut blanditiis.,https://www.learningcontainer.com/wp-content/uploads/2020/05/sample-mp4-file.mp4,class-thumbnail-3.jpg
Aspernatur non dolorem sapiente.,Percival Parker,beginner,Doloremque minus.,https://www.learningcontainer.com/wp-content/uploads/2020/05/sample-mp4-file.mp4,class-thumbnail-2.jpg
Ad illum vitae quibusdam labore enim voluptatem sed impedit.,Candido Boyer,beginner,Molestiae praesentium ex.,https://www.learningcontainer.com/wp-content/uploads/2020/05/sample-mp4-file.mp4,class-thumbnail-2.jpg
Omnis omnis provident nesciunt sunt quo.,Miss Aditya Feest,advanced,Qui sed aperiam.,https://www.learningcontainer.com/wp-content/uploads/2020/05/sample-mp4-file.mp4,class-thumbnail-2.jpg
Minus necessitatibus blanditiis accusamus.,Rudy Breitenberg,beginner,Dolor ipsum rerum voluptatum.,https://www.learningcontainer.com/wp-content/uploads/2020/05/sample-mp4-file.mp4,class-thumbnail-3.jpg
Voluptatem id delectus placeat consequatur.,Hilbert Turner,intermediate,Ullam deserunt cum.,https://www.learningcontainer.com/wp-content/uploads/2020/05/sample-mp4-file.mp4,class-thumbnail-3.jpg
Ex reiciendis provident sed voluptatem mollitia voluptas pariatur.,Sharon Becker,advanced,Corporis voluptas voluptatem dolor.,https://www.learningcontainer.com/wp-content/uploads/2020/05/sample-mp4-file.mp4,class-thumbnail-3.jpg
Vero nostrum voluptas aspernatur praesentium harum corporis qui non.,Xander Cormier,intermediate,Distinctio perspiciatis.,https://www.learningcontainer.com/wp-content/uploads/2020/05/sample-mp4-file.mp4,class-thumbnail-2.jpg
Suscipit nemo fuga.,Francis Hills,intermediate,Non sed ullam.,https://www.learningcontainer.com/wp-content/uploads/2020/05/sample-mp4-file.mp4,class-thumbnail-2.jpg
Aut cum sint nemo laboriosam magnam.,Fritz Okuneva,advanced,Et qui quis dolores.,https://www.learningcontainer.com/wp-content/uploads/2020/05/sample-mp4-file.mp4,class-thumbnail-2.jpg
Blanditiis assumenda repudiandae quo.,Maudie Hartmann,intermediate,Perferendis dolore quia.,https://www.learningcontainer.com/wp-content/uploads/2020/05/sample-mp4-file.mp4,class-thumbnail-1.jpg
Dolor nulla et blanditiis impedit.,Vesta Klein,beginner,Doloribus aut.,https://www.learningcontainer.com/wp-content/uploads/2020/05/sample-mp4-file.mp4,class-thumbnail-2.jpg
Delectus alias nam.,Berry Dickinson,advanced,Ut iste aut ab.,https://www.learningcontainer.com/wp-content/uploads/2020/05/sample-mp4-file.mp4,class-thumbnail-2.jpg
Quae ducimus dolorem possimus quis ipsam.,Mrs. Tod Schmitt,advanced,Maiores dolor et ut.,https://www.learningcontainer.com/wp-content/uploads/2020/05/sample-mp4-file.mp4,class-thumbnail-1.jpg
Eligendi facilis expedita earum consequuntur eum quam ut cupiditate.,Tressie Rolfson,advanced,Laudantium ut.,https://www.learningcontainer.com/wp-content/uploads/2020/05/sample-mp4-file.mp4,class-thumbnail-1.jpg
Illo laudantium natus qui.,Maude Maggio,advanced,Dignissimos eveniet officiis in.,https://www.learningcontainer.com/wp-content/uploads/2020/05/sample-mp4-file.mp4,class-thumbnail-3.jpg
Dolor ut maiores voluptatibus quia.,Mr. Jabari Bogan,advanced,Velit et molestias.,https://www.learningcontainer.com/wp-content/uploads/2020/05/sample-mp4-file.mp4,class-thumbnail-1.jpg
Ut suscipit totam quia deleniti consectetur et praesentium repellendus.,Odell Boyle,intermediate,Quis rerum velit nihil.,https://www.learningcontainer.com/wp-content/uploads/2020/05/sample-mp4-file.mp4,class-thumbnail-2.jpg
Officiis quam qui et enim ipsum dolor.,Alejandrin King,intermediate,Nihil animi dignissimos.,https://www.learningcontainer.com/wp-content/uploads/2020/05/sample-mp4-file.mp4,class-thumbnail-2.jpg
Tempore adipisci pariatur magni voluptatum.,Electa Howe,intermediate,Et aut.,https://www.learningcontainer.com/wp-content/uploads/2020/05/sample-mp4-file.mp4,class-thumbnail-3.jpg
Aut non accusantium similique.,Raoul Bergnaum,intermediate,Commodi tenetur quia.,https://www.learningcontainer.com/wp-content/uploads/2020/05/sample-mp4-file.mp4,class-thumbnail-2.jpg
Quam et consequatur vero consectetur eveniet quia.,Vicenta Rempel,beginner,Non amet doloribus facilis.,https://www.learningcontainer.com/wp-content/uploads/2020/05/sample-mp4-file.mp4,class-thumbnail-1.jpg
Eum nemo sed illum fuga non ut.,Savanna Hodkiewicz II,advanced,Rem similique ut.,https://www.learningcontainer.com/wp-content/uploads/2020/05/sample-mp4-file.mp4,class-thumbnail-2.jpg
Facilis quasi et praesentium ipsum necessitatibus.,Jasen Hackett,beginner,Quisquam aut provident.,https://www.learningcontainer.com/wp-content/uploads/2020/05/sample-mp4-file.mp4,class-thumbnail-2.jpg
Labore adipisci commodi ut in.,Osborne Luettgen,advanced,Velit vel.,https://www.learningcontainer.com/wp-content/uploads/2020/05/sample-mp4-file.mp4,class-thumbnail-3.jpg
Totam dicta possimus aut nemo.,Jacklyn Goyette,beginner,Deleniti perspiciatis.,https://www.learningcontainer.com/wp-content/uploads/2020/05/sample-mp4-file.mp4,class-thumbnail-2.jpg
Qui deserunt maiores.,Lamont Veum DDS,intermediate,Molestiae ipsa.,https://www.learningcontainer.com/wp-content/uploads/2020/05/sample-mp4-file.mp4,class-thumbnail-3.jpg
Minima dolor ut dolorum dolore et cumque temporibus.,Mr. Boris Mills,advanced,Voluptatibus in repellat sed.,https://www.learningcontainer.com/wp-content/uploads/2020/05/sample-mp4-file.mp4,class-thumbnail-1.jpg
Autem autem fugit aut fugiat enim sit dolore ducimus.,Gregory Hahn,beginner,Cum harum quidem.,https://www.learningcontainer.com/wp-content/uploads/2020/05/sample-mp4-file.mp4,class-thumbnail-2.jpg
Laborum iure minus.,Magdalena Nienow MD,beginner,Error et.,https://www.learningcontainer.com/wp-content/uploads/2020/05/sample-mp4-file.mp4,class-thumbnail-1.jpg
Et neque ipsum illo nihil quibusdam laborum autem quae.,Camron Luettgen,beginner,Nobis delectus.,https://www.learningcontainer.com/wp-content/uploads/2020/05/sample-mp4-file.mp4,class-thumbnail-2.jpg
Aperiam dolor molestiae atque sint reiciendis iure autem saepe.,Ms. Otto Hegmann,intermediate,Dolorum hic qui.,https://www.learningcontainer.com/wp-content/uploads/2020/05/sample-mp4-file.mp4,class-thumbnail-3.jpg
Sed voluptatem dolores adipisci ipsum in earum mollitia.,Ron Schoen,beginner,Molestiae sunt iure cum.,https://www.learningcontainer.com/wp-content/uploads/2020/05/sample-mp4-file.mp4,class-thumbnail-2.jpg
Voluptatem culpa voluptas.,Violette Wyman,advanced,Sed pariatur.,https://www.learningcontainer.com/wp-content/uploads/2020/05/sample-mp4-file.mp4,class-thumbnail-2.jpg
Impedit facere voluptatem nam vel beatae et suscipit.,Jalen Hagenes,intermediate,Dolore quis.,https://www.learningcontainer.com/wp-content/uploads/2020/05/sample-mp4-file.mp4,class-thumbnail-1.jpg
Perferendis rerum et voluptatibus corporis sed amet.,Quincy Cummings,intermediate,Ea nulla.,https://www.learningcontainer.com/wp-content/uploads/2020/05/sample-mp4-file.mp4,class-thumbnail-2.jpg
Eaque nobis adipisci in perferendis.,Makenna Fisher II,advanced,Sit quae vero expedita.,https://www.learningcontainer.com/wp-content/uploads/2020/05/sample-mp4-file.mp4,class-thumbnail-1.jpg
Doloremque praesentium inventore voluptas nesciunt.,Kip Davis,beginner,Inventore debitis quia nostrum.,https://www.learningcontainer.com/wp-content/uploads/2020/05/sample-mp4-file.mp4,class-thumbnail-2.jpg
Esse ut cumque magnam ab error id enim.,Kristian Mills,intermediate,Ut maxime necessitatibus.,https://www.learningcontainer.com/wp-content/uploads/2020/05/sample-mp4-file.mp4,class-thumbnail-2.jpg
Nesciunt ducimus minus aut dolorem facilis tempora nobis necessitatibus.,Keven Armstrong,beginner,Consequatur quia.,https://www.learningcontainer.com/wp-content/uploads/2020/05/sample-mp4-file.mp4,class-thumbnail-2.jpg
Reprehenderit vel amet non.,Loren Schmeler,advanced,Et itaque et.,https://www.learningcontainer.com/wp-content/uploads/2020/05/sample-mp4-file.mp4,class-thumbnail-2.jpg
Et quibusdam aut dolorum quam ut magnam voluptatem est.,Jalyn Rau,advanced,Exercitationem velit perferendis.,https://www.learningcontainer.com/wp-content/uploads/2020/05/sample-mp4-file.mp4,class-thumbnail-2.jpg
Voluptatem sed debitis similique nemo sit dolore.,Charlene McLaughlin,intermediate,Dolorem est quia.,https://www.learningcontainer.com/wp-content/uploads/2020/05/sample-mp4-file.mp4,class-thumbnail-2.jpg
Magni illo laudantium nam laboriosam reiciendis.,Nels Powlowski MD,advanced,Maxime ut ut.,https://www.learningcontainer.com/wp-content/uploads/2020/05/sample-mp4-file.mp4,class-thumbnail-3.jpg
Et eos optio id et voluptatem error fuga voluptatum.,Kenya Nikolaus,beginner,Provident quo et.,https://www.learningcontainer.com/wp-content/uploads/2020/05/sample-mp4-file.mp4,class-thumbnail-3.jpg
Impedit sequi quo autem quis ipsa ipsam.,Dahlia Boehm,intermediate,Ipsa rerum fuga.,https://www.learningcontainer.com/wp-content/uploads/2020/05/sample-mp4-file.mp4,class-thumbnail-1.jpg
Sint fugiat doloribus dolore voluptas.,Riley Rolfson,beginner,Perferendis molestias culpa et.,https://www.learningcontainer.com/wp-content/uploads/2020/05/sample-mp4-file.mp4,class-thumbnail-3.jpg
Aut officia neque possimus dolor distinctio distinctio fuga.,Ms. Raleigh Champlin,beginner,Aut itaque.,https://www.learningcontainer.com/wp-content/uploads/2020/05/sample-mp4-file.mp4,class-thumbnail-1.jpg
Repudiandae est non.,Mrs. Astrid Jaskolski,beginner,Repellendus nam.,https://www.learningcontainer.com/wp-content/uploads/2020/05/sample-mp4-file.mp4,class-thumbnail-2.jpg
Iusto aut dolores provident ipsa.,Darren Fay Jr.,beginner,Omnis eos optio.,https://www.learningcontainer.com/wp-content/uploads/2020/05/sample-mp4-file.mp4,class-thumbnail-2.jpg
Sit quis vitae neque.,Hipolito Franecki,intermediate,Rerum aliquid aut quidem.,https://www.learningcontainer.com/wp-content/uploads/2020/05/sample-mp4-file.mp4,class-thumbnail-1.jpg
Aut cum dolorem expedita.,Koby Donnelly,intermediate,Ipsum ex.,https://www.learningcontainer.com/wp-content/uploads/2020/05/sample-mp4-file.mp4,class-thumbnail-3.jpg
Odio quia eos dolores deserunt ut eos vel.,Alfredo Lang Sr.,intermediate,Officia ipsam.,https://www.learningcontainer.com/wp-content/uploads/2020/05/sample-mp4-file.mp4,class-thumbnail-2.jpg
Aut et quae vero sit.,Rudolph Gulgowski,beginner,Sit maxime.,https://www.learningcontainer.com/wp-content/uploads/2020/05/sample-mp4-file.mp4,class-thumbnail-1.jpg
Ea ab esse nihil amet aut consectetur soluta.,Morris Kunze,advanced,Inventore debitis.,https://www.learningcontainer.com/wp-content/uploads/2020/05/sample-mp4-file.mp4,class-thumbnail-1.jpg
Commodi est dolores delectus.,Ali Bechtelar,advanced,Fugiat distinctio amet rerum.,https://www.learningcontainer.com/wp-content/uploads/2020/05/sample-mp4-file.mp4,class-thumbnail-3.jpg
Doloribus cum qui dolore molestias ab eligendi consequatur voluptas.,Chase Schneider,beginner,Quidem vel.,https://www.learningcontainer.com/wp-content/uploads/2020/05/sample-mp4-file.mp4,class-thumbnail-2.jpg
Qui sit dolorem distinctio.,Jillian Rath,intermediate,Quibusdam labore.,https://www.learningcontainer.com/wp-content/uploads/2020/05/sample-mp4-file.mp4,class-thumbnail-1.jpg
Quos cumque hic adipisci veritatis ipsa.,Timothy Schimmel,beginner,Vel dolor doloremque modi.,https://www.learningcontainer.com/wp-content/uploads/2020/05/sample-mp4-file.mp4,class-thumbnail-3.jpg
Ut distinctio quos minima adipisci enim cumque et occaecati.,Shane Donnelly,beginner,Dolores et provident.,https://www.learningcontainer.com/wp-content/uploads/2020/05/sample-mp4-file.mp4,class-thumbnail-3.jpg
Dolor omnis ea ratione saepe.,Herta Stehr,intermediate,Itaque provident.,https://www.learningcontainer.com/wp-content/uploads/2020/05/sample-mp4-file.mp4,class-thumbnail-1.jpg
Et perspiciatis ut temporibus perferendis eos.,Kennedi Kunde,beginner,Maiores corrupti.,https://www.learningcontainer.com/wp-content/uploads/2020/05/sample-mp4-file.mp4,class-thumbnail-1.jpg
Modi perspiciatis hic non nam eaque in assumenda earum.,Maritza Miller,intermediate,Iure sed doloremque.,https://www.learningcontainer.com/wp-content/uploads/2020/05/sample-mp4-file.mp4,class-thumbnail-1.jpg
Omnis sed culpa mollitia.,Elyse McDermott,intermediate,Aperiam aliquam.,https://www.learningcontainer.com/wp-content/uploads/2020/05/sample-mp4-file.mp4,class-thumbnail-2.jpg
Iure eveniet ratione.,Abagail Denesik,advanced,Doloremque hic sunt.,https://www.learningcontainer.com/wp-content/uploads/2020/05/sample-mp4-file.mp4,class-thumbnail-2.jpg
Officiis consequuntur accusantium.,Murphy Will,intermediate,Aliquam eum quo et.,https://www.learningcontainer.com/wp-content/uploads/2020/05/sample-mp4-file.mp4,class-thumbnail-1.jpg
Aperiam magni neque dolorem dolorum modi.,Dr. Trinity Collier,beginner,Sequi autem.,https://www.learningcontainer.com/wp-content/uploads/2020/05/sample-mp4-file.mp4,class-thumbnail-2.jpg
Voluptatem sed blanditiis aspernatur repellendus pariatur.,Henri Little,advanced,Illum numquam repudiandae.,https://www.learningcontainer.com/wp-content/uploads/2020/05/sample-mp4-file.mp4,class-thumbnail-1.jpg
Inventore est recusandae dolores a.,Columbus Kuphal,beginner,Qui sed quo voluptatum.,https://www.learningcontainer.com/wp-content/uploads/2020/05/sample-mp4-file.mp4,class-thumbnail-2.jpg
Quibusdam nesciunt deleniti facere quia nesciunt.,Abner Anderson,advanced,Iste suscipit est.,https://www.learningcontainer.com/wp-content/uploads/2020/05/sample-mp4-file.mp4,class-thumbnail-1.jpg
Rerum eos porro non eum.,Mr. Amie Koss,advanced,Illo rerum non consequatur.,https://www.learningcontainer.com/wp-content/uploads/2020/05/sample-mp4-file.mp4,class-thumbnail-2.jpg
Quia facere ducimus sequi fugit minus blanditiis quod.,Larissa Labadie,advanced,Iure quia qui tenetur.,https://www.learningcontainer.com/wp-content/uploads/2020/05/sample-mp4-file.mp4,class-thumbnail-2.jpg
Consectetur voluptates velit dicta officia rem.,Norbert Dickinson,beginner,Quo beatae alias.,https://www.learningcontainer.com/wp-content/uploads/2020/05/sample-mp4-file.mp4,class-thumbnail-2.jpg
Expedita ut molestiae ut distinctio.,Jennyfer Paucek,intermediate,Nostrum aspernatur non.,https://www.learningcontainer.com/wp-content/uploads/2020/05/sample-mp4-file.mp4,class-thumbnail-1.jpg
Dolorem debitis dolore autem quisquam.,Kyle Kemmer PhD,beginner,Ut dolores.,https://www.learningcontainer.com/wp-content/uploads/2020/05/sample-mp4-file.mp4,class-thumbnail-1.jpg
Eius sed dolores odit ullam.,Cindy Simonis,intermediate,Assumenda aut earum.,https://www.learningcontainer.com/wp-content/uploads/2020/05/sample-mp4-file.mp4,class-thumbnail-2.jpg
Consequatur sint et facere eos placeat consectetur.,Terrill Durgan I,intermediate,Eaque amet id.,https://www.learningcontainer.com/wp-content/uploads/2020/05/sample-mp4-file.mp4,class-thumbnail-2.jpg
Ratione explicabo aut repellat velit itaque laudantium id repudiandae.,Rahsaan McClure,intermediate,Dicta quam.,https://www.learningcontainer.com/wp-content/uploads/2020/05/sample-mp4-file.mp4,class-thumbnail-3.jpg
Soluta pariatur aut rerum beatae.,Marcia Douglas II,intermediate,Ipsa optio.,https://www.learningcontainer.com/wp-content/uploads/2020/05/sample-mp4-file.mp4,class-thumbnail-2.jpg
Iure est et qui aut excepturi et.,Kirsten Rohan,advanced,Occaecati repellendus pariatur.,https://www.learningcontainer.com/wp-content/uploads/2020/05/sample-mp4-file.mp4,class-thumbnail-1.jpg
Facere voluptas dolor aut.,Else McDermott,advanced,Amet non.,https://www.learningcontainer.com/wp-content/uploads/2020/05/sample-mp4-file.mp4,class-thumbnail-2.jpg
Fugiat eos dolorem voluptatibus laboriosam iste.,Delmer Gusikowski,beginner,Magnam et.,https://www.learningcontainer.com/wp-content/uploads/2020/05/sample-mp4-file.mp4,class-thumbnail-2.jpg
Sed non voluptate illum non.,Makayla Watsica,advanced,Iste alias.,https://www.learningcontainer.com/wp-content/uploads/2020/05/sample-mp4-file.mp4,class-thumbnail-3.jpg
Velit suscipit saepe perspiciatis.,Augusta Gerlach DDS,beginner,Unde tempore dicta nemo.,https://www.learningcontainer.com/wp-content/uploads/2020/05/sample-mp4-file.mp4,class-thumbnail-1.jpg
Iure omnis doloribus provident dolor.,Alfreda Prohaska,intermediate,Veritatis eveniet ex dolorem.,https://www.learningcontainer.com/wp-content/uploads/2020/05/sample-mp4-file.mp4,class-thumbnail-2.jpg